{"cameraMode":{"drawMode":0,"name":"Shaded","section":"Shading Mode"},"sceneLighting":true,"audioPlay":false,"sceneViewState":{"m_AlwaysRefresh":false,"showFog":true,"showSkybox":true,"showFlares":true,"showImageEffects":true,"showParticleSystems":true,"showVisualEffectGraphs":true,"m_FxEnabled":true},"in2DMode":false,"pivot":{"x":-3.086493492126465,"y":0.6066408157348633,"z":3.4230613708496095},"rotation":{"x":-0.10344591736793518,"y":0.8542560935020447,"z":-0.18637800216674806,"w":-0.4741402268409729},"size":11.200000762939454,"orthographic":false}